,title,score,id,url,comms_num,created,body,timestamp
0,Inside the minds of Elon Muskâ€™s fans,58,8u3j2g,https://www.theverge.com/2018/6/26/17505744/elon-musk-fans-tesla-spacex-fandom,8,1530074614.0,,2018-06-27
1,"Is Elon Musk even allowed to send his car to deep space? | Yes, he is. It's just another artificial satellite.",1,7jokvf,https://www.reddit.com/r/autotldr/comments/7jokvf/is_elon_musk_even_allowed_to_send_his_car_to_deep/,0,1513247488.0,"This is the best tl;dr I could make, [original](http://web.archive.org/save/https://www.theverge.com/2017/12/9/16742136/spacex-elon-musk-tesla-roadster-falcon-heavy-mars-international-space-law) reduced by 83%. (I'm a bot)
*****
> Are there any major federal hurdles SpaceX has to overcome in order to launch the very first sports car into deep space?

> Honoring planetary protection is a matter of international law, as it&#039;s mandated in the Outer Space Treaty - a 50-year-old document that dictates guidelines for what countries can and cannot do in space.

> The Tesla Roadster isn&#039;t really going to Mars so SpaceX isn&#039;t going to run afoul of international space law; instead, the car will be delivered near where Mars orbits around the Sun, about 141 million miles from Earth, and then left to travel forever through space, according to further clarification from Musk.

> &quot;One of the big challenges is how does the government say yes to a lot of these new innovative private sector space activities,&quot; Brian Weeden, a space expert and director of programming for the Secure World Foundation, tells The Verge.

> The US government needs a way to ensure that companies won&#039;t get the nation in trouble by violating the Outer Space Treaty while in space.

> SpaceX has not been silent about its deep space ambitions, and once the Falcon Heavy is online, the company has even bigger plans for the rocket beyond launching cars.


*****
[**Summary Source**](http://smmry.com/http://web.archive.org/save/https://www.theverge.com/2017/12/9/16742136/spacex-elon-musk-tesla-roadster-falcon-heavy-mars-international-space-law) | [FAQ](http://autotldr.io/ ""254561 summaries so far."") | [Feedback](http://www.reddit.com/message/compose?to=%23autotldr ""PM's and comments are monitored, constructive feedback is welcome."") | *Top* *keywords*: **space**^#1 **Mars**^#2 **company**^#3 **launch**^#4 **SpaceX**^#5

Post found in [/r/savedyouaclick](http://np.reddit.com/r/savedyouaclick/comments/7jjm1j/is_elon_musk_even_allowed_to_send_his_car_to_deep/).

*NOTICE*: This thread is for discussing the submission topic. Please do not discuss the concept of the [autotldr](http://www.reddit.com/user/autotldr) bot here.",2017-12-14
2,"Now, if Jesus was reported to have said something like, â€œwhen you hear reports of cars being shot into spaceâ€ know that the end is near! I think people might show more interest in the Bibleâ€™s prophetic value.",40,7vguww,https://www.reddit.com/r/exjw/comments/7vguww/now_if_jesus_was_reported_to_have_said_something/,19,1517884713.0,http://www.businessinsider.com/falcon-heavy-launch-spacex-elon-musk-tesla-roadster-car-2018-2,2018-02-05
3,Tesla shares fall after British diver mulls legal action over Elon Musk's baseless 'pedo guy' claim,28025,8zbzma,https://www.cnbc.com/2018/07/16/british-diver-mulls-legal-action-after-elon-musk-calls-him-pedo-guy.html,3520,1531784918.0,,2018-07-16
4,Tesla's Chief Accounting Officer Dave Morton resigns after just a month,1121,9dtxjd,https://www.cnbc.com/2018/09/07/teslas-chief-accounting-officer-dave-morton-resigns-after-just-a-month.html,372,1536352727.0,,2018-09-07
5,Facts... ðŸ¤£,3068,9feo5w,https://i.redd.it/n9eoedmzfxl11.jpg,79,1536838918.0,,2018-09-13
6,Neil deGrasse Tyson: Elon Musk is the 'best thing we've had since Thomas Edison',1002,9hapys,https://www.cnbc.com/2018/09/19/neil-degrasse-tyson-on-elon-musk.html,63,1537432898.0,,2018-09-20
7,Elonâ€™s reply to Ariana Huffington: Ford & Tesla are the only 2 American car companies to avoid bankruptcy. I just got home from the factory. You think this is an option. It is not.,1813,98jrxl,https://twitter.com/elonmusk/status/1031111742103814144?s=21,785,1534708994.0,,2018-08-19
8,Elon Musk announces SpaceX has booked its first private passenger to the moon,324,9fsezj,https://www.nbcnewyork.com/news/business/SpaceX-Signed-First-Private-Passenger-Moon-493261841.html,83,1536963800.0,,2018-09-14
9,Elon Musk just canâ€™t catch a break,682,9e3vlq,https://i.redd.it/czbabbu7a0l11.jpg,75,1536437449.0,,2018-09-08
10,Papa Musk and the man to be launched in the tendie rocket,325,9h0x6p,https://i.redd.it/xwpsv1hln3n11.jpg,42,1537349966.0,,2018-09-19
11,Air Force is looking into Elon Musk's pot smoking: Source,181,9dyp44,https://www.reddit.com/r/investing/comments/9dyp44/air_force_is_looking_into_elon_musks_pot_smoking/,219,1536384154.0,"https://www.cnbc.com/2018/09/07/air-force-is-looking-into-elon-musks-pot-smoking-source.html

What else short of the entire Fremont factory catching fire could go wrong today?",2018-09-08
12,SpaceX Wins Its First Falcon Heavy Contract- With the Air Force,9077,8xkndo,http://www.ibtimes.com/spacex-wins-its-first-falcon-heavy-contract-air-force-2698177,479,1531222368.0,,2018-07-10
13,SpaceXâ€™s Secret Weapon Is Gwynne Shotwell,850,923xuc,https://www.bloomberg.com/news/features/2018-07-26/she-launches-spaceships-sells-rockets-and-deals-with-elon-musk,223,1532652525.0,,2018-07-26
14,"Elon Musk is building a spaceship that's so ambitious, some experts call it 'science fiction.' Here's what SpaceX and its engineers are up against.",40,9ge9rm,https://www.businessinsider.com/spacex-big-falcon-spaceship-construction-musk-mars-missions-2018-9,40,1537161446.0,,2018-09-17
15,/r/space proving that it really is a great place for space discussion,81,9f2r2q,https://www.reddit.com/r/space/comments/9f0c0y/spacex_president_gwynne_shotwell_elon_is_a/,25,1536739429.0,,2018-09-12
16,Elonâ€™s Enablers: Teslaâ€™s Submissive Board May Be As Big A Risk As An Erratic CEO,20,9fth3t,https://www.forbes.com/sites/alanohnsman/2018/09/13/elons-enablers-teslas-submissive-board-may-be-as-big-a-risk-as-an-erratic-ceo/?source=bloomberg#401c79c6f56e,33,1536971292.0,,2018-09-14
17,"Elon Musk considers taking Tesla private at over $70 billion, he says he has the money (SpaceX other main holding)",167,95ef27,https://electrek.co/2018/08/07/tesla-tsla-private-elon-musk/,123,1533696636.0,,2018-08-07
18,"SpaceX will soon be the third most valuable private tech company in the United States - Elon Muskâ€™s bet on the future of space transportation is set to be the third-biggest private tech company in the US, behind only Uber and Airbnb, and worth more than $27 billion.",33823,8bzo5d,https://qz.com/1252099/spacex-will-soon-be-the-third-most-valuable-private-tech-company-in-the-united-states/,1868,1523659344.0,,2018-04-13
19,"Letting you all know, BFR news might be coming soon. Timestamp has reached one month.",230,97s20z,https://i.redd.it/a69hpscxbgg11.jpg,65,1534453106.0,,2018-08-16
20,Elon Musk says he has no intention 'to merge SpaceX and Tesla',244,95ezj4,https://www.cnbc.com/2018/08/07/elon-musk-says-he-has-no-intention-to-merge-spacex-and-tesla.html,81,1533700456.0,,2018-08-07
21,Investors have officially filed a class action lawsuit against Elon Musk for stock manipulation of $TSLA by lying about funding being secured,408,96ddz6,https://www.bloomberg.com/news/articles/2018-08-10/musk-tweet-draws-tesla-investor-lawsuit-over-share-price-swings,90,1533985334.0,,2018-08-11
22,"ULA CEO Tory Bruno calls Elon Musk ""someone you have to absolutely admire for the excitement he has brought back to spaceâ€",9766,8naetd,https://www.airspacemag.com/space/tory-bruno-profile-180968983/,384,1527729735.0,,2018-05-30
23,Tesla spends $0 per year on advertising. Today Tesla has the greatest car commercial of all time,132017,7vt7ru,https://i.redd.it/ts0ouhqjmpe01.jpg,5336,1518002801.0,,2018-02-07
24,"Space-X exec perfectly fine kissing Musk posterior in the corporate structure he hasn't ""personally overseen""... Yet....[X-Post /r/news]",102,9f1mwc,https://www.cnbc.com/2018/09/11/spacexs-shotwell-reportedly-says-musk-lucid-and-capable-as-ever.html,15,1536730699.0,,2018-09-12
25,SCOOP: @Tesla $TSLA legal team bracing for billions of dollars in potential liability from private lawsuits over @elonmusk tweet; internal legal staff believes private litigation could be more costly than any possible @SEC_Enforcement fine more now @FoxBusiness,47,97tibq,https://twitter.com/cgasparino/status/1030120196147736576?s=21,158,1534463849.0,,2018-08-16
26,"Gwynne Shotwell, President & COO, SpaceX",542,92ljju,https://www.makers.com/profiles/591f25066c3f64632d4fb808#utm_source=twitter&utm_medium=social&utm_campaign=makers_women,49,1532807057.0,,2018-07-28
27,Tesla board should rein in Elon Musk's tweets and appoint a second in command: Former Toyota exec,16,9auajg,https://www.cnbc.com/2018/08/27/ex-toyota-exec-musk-needs-twitter-restrictions-and-a-number-two.html?utm_source=dlvr.it&utm_medium=twitter,39,1535444796.0,,2018-08-28
28,At this rate SpaceX will launch a private citizen into actual space before Star Citizen is released...,61,9gudl0,https://www.cnet.com/news/spacex-mystery-moon-passenger-yusaku-maezawa-first-bfr-tourist/,26,1537302552.0,,2018-09-18
29,"Statement from the following members of Teslaâ€™s Board of Directors: Brad Buss, Robyn Denholm, Ira Ehrenpreis, Antonio Gracias, Linda Johnson Rice, and James Murdoch | Tesla, Inc.",161,95lx1n,http://ir.tesla.com/news-releases/news-release-details/statement-following-members-teslas-board-directors-brad-buss,83,1533763066.0,,2018-08-08
30,Elon Musk's tunnel company aims to reduce Dodger Stadium traffic with 'Dugout Loop',17,97oivs,http://www.espn.com/mlb/story/_/id/24386023/elon-musk-boring-company-build-tunnel-aimed-reducing-dodger-stadium-traffic,142,1534416083.0,,2018-08-16
31,MKBHD talks tech with Elon Musk,163,987we5,https://youtu.be/MevKTPN4ozw,17,1534584599.0,,2018-08-18
32,"We did it reddit, last one out kill the lights!",65,98jdsw,https://www.wired.com/story/elon-musk-tesla-tweets-struggles/amp,22,1534703604.0,,2018-08-19
33,Tesla workers say they pay the price for Elon Musk's big promises | Technology,751,8r13u4,https://www.theguardian.com/technology/2018/jun/13/tesla-workers-pay-price-elon-musk-failed-promises,402,1529004709.0,,2018-06-14
34,Has /r/neoliberal had enough of experts?,507,8nj8lj,https://i.imgur.com/2ynRO1Y.png,350,1527808707.0,,2018-05-31
35,Elon Musk on the Joe Rogan Experience podcast today,461,9djlyu,https://www.reddit.com/r/spacex/comments/9djlyu/elon_musk_on_the_joe_rogan_experience_podcast/,312,1536275851.0,"Not sure why this hasn't been posted about, but Elon will be on the JRE later this evening. 
If you're not familiar with this podcast, the guests often stay up to 3+ hours and there could potentially be a lot of deeper insight into the work at SpaceX. Live on YouTube at 9.30pm Pacific!
https://m.youtube.com/user/PowerfulJRE/videos",2018-09-06
36,Tesla CEO Musk accused in lawsuit of fraud over going-private proposal,90,96cdfj,https://www.reuters.com/article/us-tesla-musk-lawsuit/tesla-ceo-musk-accused-in-lawsuit-of-defrauding-shareholders-idUSKBN1KV2IQ,32,1533975971.0,,2018-08-11
37,"The slanderous propaganda campaign to destroy Musk, Tesla and SpaceX",39,98bqio,https://www.reddit.com/r/SpaceXLounge/comments/98bqio/the_slanderous_propaganda_campaign_to_destroy/,95,1534628302.0,"I'll be addressing this ""get Musk"" campaign at the Mars Society convention.  

Don't swallow hook, line and sinker every anti-Musk propaganda hit piece you will read on the internet and corporate media.

The character assassination campaign against Musk began last year by the ultra-right when Musk resigned from two Trump economic boards to protest Trumps  withdrawal from the climate accord. 

Now a few self-proclaimed ""liberal"" publications have joined the attack pack.
",2018-08-18
38,The myth of Elon Musk,104,8ztj80,https://www.reddit.com/r/EnoughMuskSpam/comments/8ztj80/the_myth_of_elon_musk/,39,1531930004.0,"Hey guys. I've been following the Musk/Tesla story very closely over the past few months and have come to realize what a horrible human being he really is. I've always seen him as a flashy showoff who never really achieves anything but digging into his story really shocked me on what a fraud he truly is. It's nauseating how the world bows down before this sick man and I would like to do my part in getting the truth out. I'd like to compile a piece exposing the myths of Musk. Please bring forward comments, suggestions, ideas, sources and tips to improve what I've outlined below. I know there are some talented writers out there and would be happy to hand this over to anyone who could do better. It's a stretch but I really hope a major publication will publish this piece. If not at least I will leave behind some evidence for future generations on what a douche this man really is. 

1) Great businessman. This is by far the easiest to refute. None of Musk  businesses have been anywhere near the stellar success as protrayed his by fans. A product of right place at the right time describes Musk's early success. 
  a) zip2 - Purchased by Compaq in Feb 1999 at the peak of the dotcom boom where any company with a .com suffix was worth 
millions. In other words, he got really lucky. 
  b) x.com - need more info on this one
  c) Paypal: Founded as a merger between x.com and and Confinity. Musk was ousted after a few months long before Paypal      
became the famous name it is today. 
  d) Tesla: Started by Martin Eberjard and Marc Tarpening NOT Elon Musk. Tesla as we all know has never made a dime. They've 
specialized in selling massively expensive cars with Government subsidies to rich people, mostly in california. Today 15 years later tesla commands a 0.1% worldwide market share. They've done nothing to introduce EV cars to the masses. Tesla in it's current state is closer to bankruptcy than disrupting the auto industry or making EV's mainstream.
  e) Spacex:  A privately held company but more than likely a major money loser. Spacex personifies Musk's business acumen -     Make a big noise about something revolutionary and just hope it will magically come together. Spacex is using the same  
decades-old rocket technology (developed by the Government) and undercutting their competitors in order to gain market  
share. They've done nothing revolutionary while sucking on the Government's teat - as Musk is prone to do. They are either losing millions per launch or delivering alot less than they claim. (I need rocket industry experts to expand on this one)
  f) The Boring Company:  Produced a few overpriced flamethrowers. No tunnels dug. No hyperloop. Nothing more than a fantasy company to indulge Musks impractical ""visions"".
 
2) Visionary: A visionary is defined as a person who ""thinks about the future with imagination or wisdom"". Musk comes across 
more as a sci-fi or fantasy writer than visionary. His ideas are hardly practical or reasonable and won't be in the foreseeable future. The difference between vision and fantasy is that vision should be achievable in a reasonable time frame, probably no more than 20 - 30 years in the future. I also have a vision that one day I'll be able to travel to the Andromeda Galaxy and meet wonderful aliens - that doesn't make me a visionary. 

3) Genius: A word thrown around far too frequently and in Musk's case I have zero doubt he doesn't qualify. A genius is defined as someone of exceptional creative or other natural ability. Einstein was a genius - he revolutionized physics. Ditto for Neils Bohr with Quantam Mechanics. The same for Ada Lovelace and Grace Hopper in computer science. Prince was genius in his musical ability while Marie Curie was a genius scientist. These men and women accomplished in their respective fields feats which were extremely rare and won't likely be repeated for a long time. Musk has had no    
such impact. He claims to be a physicist/engineer yet he has done nothing revolutionary in either discipline. As far as I know the only thing he ever produced was the code he wrote for zip2. He's written no revolutionary papers, he's created no revolutionary products and thus far has left no lasting impact in any field. 
title. He might be a marketing genius since he has managed to fool many people into buying his hype :-)

3) Environmentalist: Musk wants to get rid of fossil fuels for the sake of the planet. His mission is all about sustainable clean energy. Unusually Musk travels to work in a private jet everyday. Wouldn't it be better for the environment if he just bought a house close to his factory? Think about that for a minute. An environmentalist who wants to eliminate fossil fuels travels to work everyday on his own private jet. And absurdly he's got the money to move closer or drive. 
His environmental claims would mean a lot more if he did something about increasing the use of public transport, especially in a state like California. Reduction of the number of cars on the road is the answer - not adding more, irrespective of how that car is powered. There are countless other programs that can make a meaningful impact yet Musk has ignored them all in favor of selling expensive cars to wealthy people. Even symbolic gestures don't feature in his so-called mission. Allow employees to work remotely. Making your buildings green. Fund mass transport in developing countries. He's done none of that but yet he's  managed to craft the illusion that he absolutely cares about the environment. Oh and he donates a load of money to the GOP. 
Their position on climate change is well known - they don't even accept that it's real. 

4) Caring and compassionate:  Musk cares about Musk. He's been shown to be an obnoxious, egotistical, narcissist who constantly needs the spotlight. He can't give credit to anyone and demands all for himself. He berates anyone who disagrees or doesn't worship the ground he walks on. When the media fawns over him he gloats but when they ask relevant questions they become the enemy. He insults employees, puts down executives in public, calls a diver who helped rescue children a pedophile. He sics his Twitter mob on anyone who even appears to disagree with him. They have a special penchant for harassing, berating and humiliating women while Musk looks the other way. He's become a billionaire with Government  and investor money but brags about coming to America with almost nothing.  He lives a playboy, jetsetting lifestyle while preaching to all and sundry and pretending to be the caring billionaire who wants to make the world a better place. Musk may just be the biggest hypocritical douchebag of our time. 

Please add/change/update whatever is relevant. All credit will be given. For anyone who wants to re-write the whole thing please feel free to do so. This is my outline and starting point. Hopefully the final version will be alot more comprehensive and better written. Thanks ahead. ",2018-07-18
39,"Despite Elon Musk's Tesla go private plan complicating a possible SpaceX IPO, the company's thinking has not changed: A SpaceX IPO may only happen once it's flying regularly to Mars",67,960d93,https://www.cnbc.com/2018/08/09/musk-reportedly-no-longer-considering-spacex-ipo-plans.html,37,1533876931.0,,2018-08-10
40,Muskâ€™s Reusable Rocket Project Based on Soviet Technologies - Roscosmos,0,9cshfb,https://sputniknews.com/russia/201809031067720827-musk-rockets-soviet-tech/,32,1536064986.0,,2018-09-04
41,"""Elon Musk is a total fraud"" - Opinion piece in the New York Post by Maureen Callahan",172,90plva,https://nypost.com/2018/07/21/elon-musk-is-a-total-fraud/,68,1532211645.0,,2018-07-21
42,Musk Personally More Likely Than Tesla to Have to Pay Back the Shorts,16,9b2pga,https://www.thestreet.com/markets/whose-pocket-are-tesla-shorts-picking-in-lawsuits--14695964,41,1535518477.0,,2018-08-29
43,They really donâ€™t let you quit the Democratic Party do they? Elon Musk getting devoured by his former syncophants...,3713,90sxd3,https://nypost.com/2018/07/21/elon-musk-is-a-total-fraud/,250,1532239367.0,,2018-07-22
44,"Elon Musk: SpaceX will launch more rockets than any nation on Earth this year â€” then make spaceflight history again in 2019. SpaceX will try to launch, land, and reuse one of the new rockets within 24 hours sometime in 2019.",38548,8irbyb,http://www.businessinsider.com/elon-musk-spacex-falcon-9-rocket-launch-rate-2018-5/?r=US&IR=T,1846,1526102403.0,,2018-05-12
45,"Elon Musk not slated to speak at this year's IAC conference, but SpaceX's Hans Konigsmann is on October 3",125,9eps0b,http://www.iafastro.org/events/iac/iac-2018/global-networking-forum/wednesday-dlr-hall-1120-1220-reusability-the-key-to-reliability-and-affordability/,59,1536633259.0,,2018-09-10
46,Elon Musk hung up on NTSB chief during call about Tesla crash probe,892,8h7gvn,https://www.reddit.com/r/investing/comments/8h7gvn/elon_musk_hung_up_on_ntsb_chief_during_call_about/,512,1525555099.0,"https://www.bloomberg.com/news/articles/2018-05-04/musk-hung-up-on-ntsb-chief-in-testy-april-call-about-tesla-probe

> Just weeks before Elon Musk held his fractious conference call with Wall Street analysts, he hung up on Washingtonâ€™s top transportation accident investigator.

> Robert Sumwalt, the chairman of the National Transportation Safety Board, called the feisty builder of new-age cars and rockets on April 11 to tell him that blog posts by Tesla Inc. casting blame on the driver of a Model X for a fatal crash had gone too far. The NTSB had earlier warned Tesla not to make statements about the accident while it was being investigated by the board.

> Sumwalt then said he was taking the unusual step of kicking the companyâ€™s representatives off the investigation.

> â€œBest I remember, he hung up on us,â€ Sumwalt told attendees of the International Society of Air Safety Investigatorsâ€™ Mid-Atlantic Regional Chapter dinner Thursday. It was his first public comments on the exchange.",2018-05-05
47,"Well, it worked",612,92vhcn,https://i.redd.it/122dtoormwc11.jpg,22,1532906495.0,,2018-07-29
48,"Thai Governor: ""Elon Musk's equipment was not practical """,20,8xolbc,https://www.dailytelegraph.com.au/news/world/watch-live-thailand-cave-rescue-final-five-boys-and-their-soccer-coach-to-be-freed/news-story/a176bfe7b4ed0a4ed944b986a26f2b3b?nk=1f561b8e18dbcc5f28279deb61b3d1d1-1531222949,38,1531254391.0,,2018-07-10
49,"Based Mom: ""Sheâ€™s a science writer for Scientific American, BBC, Wired. But her reporting methods donâ€™t seem all that scientific."" AKA, Elon Musk is about to get GamerGate'd for the crime of questioning his journalist overlords.",850,8mmgua,https://twitter.com/CHSommers/status/1000903039002316801,99,1527500509.0,,2018-05-28
50,"Elon Musk: SpaceX will launch more rockets than any nation on Earth this year â€” then make spaceflight history again in 2019. SpaceX will try to launch, land, and reuse one of the new rockets within 24 hours sometime in 2019.",1035,8irc2x,http://www.businessinsider.com/elon-musk-spacex-falcon-9-rocket-launch-rate-2018-5/?r=US&IR=T,126,1526102430.0,,2018-05-12
51,A confession from a former fanboy,69,8zrhau,https://www.reddit.com/r/EnoughMuskSpam/comments/8zrhau/a_confession_from_a_former_fanboy/,19,1531909221.0,"I used to think that Elon Musk was what everyone should become. He was selfless, smart, inventive, the whole nine yards. I used to think that most things he did (except for his Twitter) couldn't go wrong. After the recent comments, I began to realize the true scale of his deception to the world. Don't get me wrong, I still think he is a genius. However, he's a genius in the way Trump and GÅ“bbels are geniuses; through their deftness of incorporating you into their cult of personality. This makes many people think that he has done everything attributed to him by himself, but that's simply not true. Perhaps the only thing that makes him stand out from all of the Silicon Valley millionaires and billionaires is his marketability as a *supergenius*. His ego gets wounded so easily that he usually retaliates (like on Twitter). I really think he probably should  have never been on Twitter, like the POTUS, for obvious reasons, so they could at least maintain a semblance of sanity in them. Even after all of this, I still fanboy over SpaceX, but not because of Musk. Gwynne Shotwell, the President of SpaceX, and Tom Mueller, CTO for rocket propulsion,(should just be CTO, but Elon wants that title too) have managed to make the company one of the most prolific, efficient, and cheap launchers of rockets today, launching more than any government. Perhaps the most impressive thing done by the company (not by Elon Musk at all) was the successful launch of the Falcon Heavy on the first try, which had 27 engines for its first stage. The N-1 had 30, in comparison, yet they didn't have all the fancy tech that we have today. In conclusion, I think that Musk is BS, but I still like SpaceX (pls don't hate).",2018-07-18
52,Major Tesla Shareholder 'Divided' On Musk's Continuing To Lead Tesla,36,918m5l,https://www.reddit.com/r/RealTesla/comments/918m5l/major_tesla_shareholder_divided_on_musks/,41,1532392714.0,"Just saw this huge bombshell in an article about Tesla seeking refunds from suppliers:

>The leak comes as Musk continues to unnerve investors, with Tesla shares falling from a year high of $370 in mid June to around $301 on Monday. An analyst at Baillie Gifford, Teslaâ€™s third-largest institutional shareholder, told the Journal the firm is â€œdividedâ€ on whether Musk is the right leader for Tesla going forward.

https://www.theguardian.com/technology/2018/jul/23/tesla-elon-musk-shares-drop-report-leak

This is major switch from just a few months ago where they were effusive of Musk in approving his pay package:

>â€œWe think what Tesla has achieved so far is pretty remarkable, but thereâ€™s more they can do in not just automotive, but the energy markets,â€ Tom Slater, a Baillie Gifford partner and fund manager, said Wednesday in a phone interview. â€œElon Musk -- his drive and his vision -- has been a really important part of getting us to this point. Tesla still needs that drive and that vision to push the business.â€

Them being 'divided' first came out here where BG says Musk isn't good at organization or execution and they're only supportive for the moment:

https://www.pressreader.com/canada/the-hamilton-spectator/20180630/283656825576608",2018-07-23
53,Elon Musk is one of us,31179,86m1h8,https://i.redd.it/003m0p2rjjn01.jpg,385,1521851867.0,,2018-03-23
54,Farewell for Now,67,91lmdx,https://seekingalpha.com/instablog/37229846-montana-skeptic/5190656-farewell-now,57,1532496759.0,,2018-07-25
55,heard it takes years to get another Tesla,81733,7y4616,https://i.imgur.com/5kGJAcT.gifv,648,1518865878.0,,2018-02-17
56,No Elon Musk will not change the world,221,922h4o,https://www.reddit.com/r/EnoughMuskSpam/comments/922h4o/no_elon_musk_will_not_change_the_world/,90,1532642223.0,20 years after his death he will be either completely forgotten or he will be used as an example of people being dumb enough to worship a selfish billionaire ,2018-07-26
57,"Elon Musk, Amid Tesla Furor, Tells of â€˜Most Difficultâ€™ Year",8,9828sp,https://www.nytimes.com/2018/08/16/business/elon-musk-interview-tesla.html,3,1534541168.0,,2018-08-17
58,Elon Musk BTFO of a blue check loser.,2036,8lycmb,https://i.redd.it/yxlcpp32ywz01.png,80,1527244286.0,,2018-05-25
59,(Car Company) (Car Model) Has the lowest probability of a Rollover,357,8kzscp,https://www.reddit.com/r/gifs/comments/8kyyg5/teslas_model_x_has_the_lowest_probability_of_a/?st=JHG3U4QP&sh=961050be,83,1526927182.0,,2018-05-21
60,Changing the world,139,8yt20z,https://i.redd.it/fj56xgbtuw911.jpg,23,1531601620.0,,2018-07-14
61,Why SpaceX investors arenâ€™t concerned about Musk taking Tesla private,34,96bcq9,https://www.cnbc.com/2018/08/10/why-spacex-investors-arent-concerned-about-elon-taking-tesla-private.html,14,1533967758.0,,2018-08-11
62,"""He has yet to succeed at anything but somehow spins every failure into proof of imminent success."" - NY Post, But Dick Said it Funnier & First",30,90pwls,https://nypost.com/2018/07/21/elon-musk-is-a-total-fraud/,49,1532214290.0,,2018-07-21
63,WritingPrompts decides it's time to get a blast from the past in the form of 2012 /r/atheism,73,9118ew,https://old.reddit.com/r/WritingPrompts/comments/90y1gn/wp_the_catholic_church_wants_an_unbiased_opinion/,13,1532323869.0,,2018-07-23
64,Moody's says Musk's plan to take Tesla private could hurt its credit rating,13,95zwvm,https://www.cnbc.com/2018/08/09/moodys-says-musks-plan-to-take-tesla-private-could-hurt-its-credit.html,12,1533873861.0,,2018-08-10
65,Elon Musk replies to Trump's tweet,6243,7vtcfv,https://i.redd.it/0ais988bqpe01.png,502,1518004087.0,,2018-02-07
66,i love having cool teachers who let me do stuff like this,584,8lvmuy,https://i.redd.it/mo7ngmlqzuz01.jpg,60,1527220582.0,,2018-05-24
67,SpaceX possibly to help finance Tesla privatization deal - NYTimes interview with Musk,86,981x5u,https://www.nytimes.com/2018/08/16/business/elon-musk-interview-tesla.html,53,1534538396.0,,2018-08-17
68,"Tesla plans to sell $400,000 worth of â€˜electric motors and batteriesâ€™ to Elon Muskâ€™s Boring Company",1469,8fc6dy,https://electrek.co/2018/04/27/tesla-sell-electric-motors-batteries-elon-musk-boring-company/,162,1524869079.0,,2018-04-27
69,MKBHD and Elon Musk interview is coming!,230,9836v1,https://imgur.com/02Y574p,37,1534548420.0,,2018-08-17
70,Shorts and Tesla,10,8x663v,https://www.reddit.com/r/RealTesla/comments/8x663v/shorts_and_tesla/,63,1531124231.0,Whatâ€™s up with Tesla fans obsession with shorts? What Iâ€™m seeing is that they say that shorts are just running out of arguments and that they will die soon? Are either of these things true?,2018-07-09
71,Embarrassing confession,95,8lka23,https://www.reddit.com/r/EnoughMuskSpam/comments/8lka23/embarrassing_confession/,43,1527118298.0,I used to be a huge Elon fan for the past two years. I used to tell my friends and my family about all the great things elon will do for us. I even tell people not to learn to drive because Elon will in a few months will build a fully automatic car that no drivers will be needed. Now that I have realized elon to be a bluff. I am embarrassed and covered in cringe.  :\(,2018-05-23
72,You may not like Elon Musk but weâ€™ve got to give him some credit here,6217,7vzm08,https://i.redd.it/96utkzc30ve01.jpg,411,1518067891.0,,2018-02-08
73,Breaking News : Elon Musk says Tesla to become profitable in 2016.,278,8p55gm,https://www.reuters.com/article/us-tesla-results-idUSKCN0VJ2J6,50,1528354072.0,,2018-06-07
74,Parking your Tesla in the wrong spot,12198,7y69q2,https://i.imgur.com/5kGJAcT.gifv,95,1518897519.0,,2018-02-17
75,ELON MUSK BTFOS SOCIALISTS,3734,8rgcy3,https://i.redd.it/wlvmgvf1w9411.png,61,1529144333.0,,2018-06-16
76,This entire thread on /r/news is mostly just people dickriding Elon but it seems some people are beginning to question his decisions and performance nowadays.,263,8oy0nt,https://www.reddit.com/r/news/comments/8owkmg/tesla_shareholders_reject_bid_to_strip_musk_of/,19,1528291012.0,,2018-06-06
77,SpaceX - Live stream of Starman inside Tesla car,2137,7vqwm7,https://www.youtube.com/watch?v=aBr2kKAHN6M,416,1517982257.0,,2018-02-07
78,Griffin Wagner's answer to Do you think the Boring Company will be successful? - Quora,7,8wftjf,https://www.quora.com/Do-you-think-the-Boring-Company-will-be-successful/answer/Griffin-Wagner-9,13,1530867494.0,,2018-07-06
79,"Tesla could use SpaceXâ€™s upcoming satellite constellation-based internet, says SpaceX President",140,8lcr7r,https://electrek.co/2018/05/22/tesla-spacex-satellite-constellation-internet/,37,1527045608.0,,2018-05-22
80,"We are reaching Singularity, Tesla coin incoming. The worst of both cults are about to merge.",100,8hbcip,https://twitter.com/elonmusk/status/992904076978540545,89,1525592377.0,,2018-05-06
81,Elon Musk Fears â€˜An Immortal Robot Dictatorâ€™ (Other Than Him) Will One Day Rule The World,79,8cnrrp,https://dealbreaker.com/2018/04/elon-musk-fears-an-immortal-robot-dictator-other-than-him-will-one-day-rule-the-world/,77,1523916521.0,,2018-04-16
82,Is Elon Musk Too Volatile to Run Tesla and SpaceX?,0,92w8ha,http://fortune.com/2018/07/23/elon-musk-tesla-spacex-pedo-guy-comment/,12,1532912761.0,,2018-07-29
83,"According to Reddit, this was such a ""sick burn"" that it deserved nearly 12k upvotes.",452,862yy8,https://i.redd.it/a25phdx3o3n01.png,87,1521674946.0,,2018-03-21
84,"Who knew SpaceX was a scam too. Just like Tesla they promise a cheaper product, get all the media attention and then jack up the price after collecting subsidies.",51,8mcdtx,https://pbs.twimg.com/media/DeJNeewWkAEJWId.jpg:large,40,1527391115.0,,2018-05-26
85,CNET: Tesla's board might not know where Elon's 'secure' funding is coming from - Roadshow,1,969dn3,https://www.cnet.com/roadshow/news/tesla-board-financing-unknown-report/#ftag=CADf328eec,2,1533953558.0,,2018-08-10
86,"Elon Musk deletes own, SpaceX and Tesla Facebook pages",14771,86m301,https://techcrunch.com/2018/03/23/elon-musk-deletes-own-spacex-and-tesla-facebook-pages-after-deletefacebook/,675,1521852179.0,,2018-03-23
87,Someone asked the real question on Quora,64,8rskst,https://i.redd.it/ihlc2z22kl411.png,20,1529285594.0,,2018-06-17
88,Elon Musk fanboy starterpack,884,86tb2k,https://i.redd.it/kxb6pev80qn01.png,60,1521930187.0,,2018-03-24
89,Elon Musk Suggests Big Oil Is Behind Critical Media Coverage of Tesla,24,8ln9mg,http://fortune.com/2018/05/23/elon-musk-twitter-media-tesla/,30,1527140860.0,,2018-05-24
90,Elon Musk making â€œkid-sized submarineâ€ to rescue teens in Thailand cave,166,8wyp24,https://arstechnica.com/science/2018/07/elon-musk-making-kid-sized-submarine-to-rescue-teens-in-thailand-cave/,53,1531048639.0,,2018-07-08
91,Elon Confirms That Tesla Will Build The Pods for the Boring Company's Chicago O'Hare Line,353,8rluu7,https://youtu.be/CnobWh5iloE?t=19m33s,82,1529208044.0,,2018-06-17
92,"(MEMELESS). Wait, seriously, do I need to jump on board the Pravda bandwagon to stay on this sub?",22,8lztqk,https://www.reddit.com/r/SpaceXMasterrace/comments/8lztqk/memeless_wait_seriously_do_i_need_to_jump_on/,41,1527260962.0,"We (SpaceX fans) shouldn't need to be blind to osha violations, unreasonable working hours and resistance to unionized labor, or to the reports of same, just because we want to see that sweet sweet beautiful rocket footage. Don't hate on reporters Elon, you're better than that. Instead, give them nothing to report on, by running the safest, cleanest, most unionized shops in town. 

Please?",2018-05-25
93,Just out of curiosity: How many of you have read Elon Musk's biography?,26,8havi3,https://www.reddit.com/r/RealTesla/comments/8havi3/just_out_of_curiosity_how_many_of_you_have_read/,70,1525587663.0,"I recently re-listened to Elon Musk's biography and was struck by two things. 

First of all, there are multiple anecdotes by people who thought he was crazy and wouldn't achieve such and such milestones (mainly SpaceX related but some Tesla ones as well). The book is a few years old now and sure enough he has achieved those milestones which makes the anecdotes sound silly in retrospect. 

Secondly, the author Ashlee Vance has filled the books with anecdotes from former employees discussing how they have witnessed firsthand Elon's unbelievable work ethic and brilliance. These anecdotes are reiterated during the Paypal, Tesla and SpaceX chapters and include colleagues such as investors, fired, and current employees. Would Vance really jeopardize his reputation by printing so many lies or invalid statements? There must be some truth to them. 

So my question: Have you guys read the biography and if so, how does it influence your views on Tesla and how Elon is running (or not running) the company?

By spending so much time here or in /r/teslamotors, I think people's views get warped. Taking a step back and thinking neutrally about the situation helps to gain clarity.",2018-05-06
94,[Business] - Tesla shares lose power after Musk pitch to go private | CBS,1,96053h,https://www.cbsnews.com/news/tesla-stock-loses-power-after-musk-pitch-to-go-private/,1,1533875380.0,,2018-08-10
95,Why does everyone praise Elon Musk and not SpaceX or it's engineers?,833,7w5ubz,https://www.reddit.com/r/NoStupidQuestions/comments/7w5ubz/why_does_everyone_praise_elon_musk_and_not_spacex/,117,1518134893.0,"With a team of 5000 people, I seriously doubt Elon does a large portion of the fundamental work. Am I wrong?",2018-02-08
96,First Image of Elon Muskâ€™s Tesla Roadster getting ready to go to Mars on a SpaceX rocket,17202,7lhf40,https://electrek.co/2017/12/22/elon-musk-tesla-roadster-mars-spacex-falcon-heavy-first-image/,1196,1513978052.0,,2017-12-22
97,Reddit is getting spammed with Elon Musk posts and is not usable anymore,512,7wctx3,https://www.reddit.com/r/EnoughMuskSpam/comments/7wctx3/reddit_is_getting_spammed_with_elon_musk_posts/,99,1518204517.0,"It is unbearable. Whereever you look it is Elon Musk even in totally unrelated subs like r/pics, r/wsb or r/bitcoin or whatever. The Musk post in r/wsb has thousands of upvotes i never saw a post in that sub with so many upvotes.

Whenever i open up the reddit app i either see Musks face, Musks rocket or this starman picture.

Every comment chain is filled with people worshipping Musk. â€žHe is actually contributing to scienceâ€œ, â€žElon Musk is to most important man in the worldâ€œ, â€žElon Musk cured cancerâ€œ, â€žElon Musk made all our lifes betterâ€œ, â€žWho cares if Elon Musk pays his workers like shit?â€œ

The moment you say anything negative about Musk you will get downvoted.

Reddit lost its function and is pointless.

All you have is people worshipping a billionaire and his shady business tactics who hope to live on a fucking bare rock someday. I am convinced reddit is filled with retards, nerds, kids, pseudo science lovers and people with absolutely zero social environment or abilities.

Musk is a genius marketing man making billions of a company that never turned a profit, convincing people to put a deposit down for a car they never saw. Selling â€žflamethrowersâ€œ for $500. This man exactly knows how his audience and fans think and he also knows exactly how to empty their pockets.

Even for the Model 3, people call Elon â€žoptimisticâ€œ in his timeframes when in fact it is one of the most shady business tactics. Making overly positive promises like FSD in just 2 years, 5000/week Model 3s by 2017 and so on to get people commit themselves to buy this car and reserve it. Once that happens all these goals get pushed for years, Alcantara headliners get removed and the 35k version isnt even available but people will just buy the more expensive version even if they never planned that.

This phenomen is called the â€žEscalation of commitmentâ€œ and as i said, one of the most shady business tactics to use. The definition of wiki perfectly describes everyone of the 500k Model 3 reservation holders:

>Escalation of commitment is a human behavior pattern in which an individual or group facing increasingly negative outcomes from some decision, action, or investment nevertheless continues the same behavior rather than alter course. The actor maintains behaviors that are irrational, but align with previous decisions and actions.

https://en.m.wikipedia.org/wiki/Escalation_of_commitment

All of Musks strategies are build on top of this fundamental principle. Rather than accepting this people will call him optimistic. Other CEOs would have been laughed out of the room as morons who obviously have no clue about their companies real engineering capabilities if they regularly set such unrealistic timeframes - but Musk? Nah hes just optimistic and wants to motivate his workers. Maybe try to motivate with an industry standard payment?

Rant out.",2018-02-09
98,Is Tesla Going Private Part Of A Fairly New Cleantech Stock Trend?,1,9648dh,https://cleantechnica.com/2018/08/09/why-tesla-going-private-makes-sense-is-it-part-of-a-stock-trend-for-cleantech/?utm_source=feedburner&utm_medium=feed&utm_campaign=Feed%3A+IM-cleantechnica+%28CleanTechnica%29,1,1533908279.0,,2018-08-10
99,"Why I hate Elon Musk, and why you should hate him too. Part 1.",311,7vuvf0,https://www.reddit.com/r/EnoughMuskSpam/comments/7vuvf0/why_i_hate_elon_musk_and_why_you_should_hate_him/,134,1518023437.0,"This is just a brief collection of pretty bad things that Elon has done. Because of the rush I made to put this out, I'm going to refine it later in additional parts. Until then, here's Part 1:

---

Insulting others regularly: 

https://i.redd.it/l0vefhtyyxhz.png

https://www.reddit.com/r/Futurology/comments/7kbgd2/elon_musk_calls_transit_expert_an_idiot_and_says/

https://www.youtube.com/watch?v=_9ftbRWqkj0 -- Laughs at competitor. In the same year, Tesla dropped it's worth while BYD increased theirs. 


Spreading fake information: 

https://i.redd.it/t0kzb8c5dj401.png

https://www.forbes.com/sites/samabuelsamid/2017/11/02/why-would-any-supplier-want-to-work-with-tesla/#605e69ba3cbc

Refuses to investigate Worker Complaints and fires those who are upset about work conditions: 

http://www.businessinsider.com/tesla-union-fremont-board-demands-2017-7

https://i.redd.it/14kb6fv2f6tz.png

http://money.cnn.com/2017/10/26/technology/tesla-uaw-firings/index.html

https://www.theverge.com/2017/7/5/15922816/tesla-sexism-harassment-predator-zone-vandermeyden

https://www.cnbc.com/2017/04/25/workers-involved-in-union-activities-say-tesla-is-illegally-intimidating-them.html

https://www.theguardian.com/technology/2017/feb/28/tesla-female-engineer-lawsuit-harassment-discrimination

Attacking the Press for investigating his companies and the respective profits and losses: 

https://jalopnik.com/elon-musk-just-yelled-shame-at-a-bunch-of-journalists-1820059349

And of course rarely meeting promises: https://www.reddit.com/r/EnoughMuskSpam/comments/73eh4m/tracking_elon_musks_visions_promises_and/

He also regularly takes credit for other's work: 

https://cleantechnica.com/2017/09/30/tesla-using-samsung-sdi-battery-cells-129-mwh-south-australia-facility/

Bad/Stolen Designs: 

https://en.wikipedia.org/wiki/Robert_H._Goddard -- The original designer for Hyperloop. He tried out a prototype in Britain for 3 years, but it wasn't worth the effort. Elon claims that it's his design and idea, when it is not. 

https://www.whatcar.com/news/reliability-survey/ -- Tesla 3 is not a very good car. 
 
https://www.youtube.com/watch?v=QCIo8e12sBM -- Tesla 3 is also incredibly unsafe and a mechanic's nightmare.

https://www.youtube.com/watch?v=dKQPHC4JyAU -- Tesla S having severe issues.

https://imgur.com/a/apSfO -- Stealing Evike's Gun Design, expect the flamethrower not to be released because of this. 

Misc: 
https://i.redd.it/uk0tgarjwszz.jpg

https://www.reddit.com/r/EnoughMuskSpam/comments/6hhrcr/so_about_musk_claiming_to_work_100_hours_per_week/

http://variety.com/2016/dirt/real-estalker/elon-musk-bel-air-mansion-1201888308/ -- For someone who's so environmentally green, he sure likes to buy a ton of homes and houses for himself.

https://phys.org/news/2018-01-tesla-fresh-norway-lawsuit-false.html -- Getting sued for False Advertising, something that Musk and his companies do often. 

---

He's an asshole and I hate him. You should hate him too. He's a lot like Donald Trump, lots of promises and lots of words, but very little action. He relies on appealing to one's emotion and excitement.

Tesla also spends hundreds of millions on advertising: http://ir.tesla.com/secfiling.cfm?filingid=1564590-17-3118&cik=1318605

You ever wonder why there's not many Tesla/Elon Musk ads on TV, Radio or on billboards? It's because the majority of these hundreds of millions go towards Online Advertising. Yes, I'm talking about astroturfing: https://www.reddit.com/r/EnoughMuskSpam/comments/7fyes3/there_seem_to_be_professional_shills_for_elon/ (Ever find it strange how Elon and his companies are in the top 50 of /r/all literally all the time?)

This is also why Elon Musk and his companies refuse to travel outside of America. Other nations have laws that protect consumers so they know what they're seeing, but America doesn't because it's Corporation before Community. 

---

My previous works:

[Documentation Regarding /r/The_Donald using Bots to game Reddit.](https://np.reddit.com/r/subredditcancer/comments/6ape77/documentation_regarding_rthe_donald_using_bots_to/)

[/r/The_Donald is a full-blown cult.](https://np.reddit.com/r/AgainstHateSubreddits/comments/72c8yl/rthe_donald_rtd_td_t_d_is_quite_literally_a_cult/) 

[A Detailed Report regarding /r/Uncensorednews, the largest collection of Neo-Nazis and White-Supremacists on Reddit.](https://np.reddit.com/r/AgainstHateSubreddits/comments/78fqh3/runcensorednews_uncensored_news_uncensorednews/)",2018-02-07
